"22-05-21 09:14:07";connexion;assure:DupontPierre;connexion;connexion
"22-05-21 10:17:23";connexion;gestionnaire:gestionnaire;gestionnaire:gestionnaire;connexion
"22-05-21 11:13:38";connexion;assure:DupontPierre;assure:DupontPierre;connexion
"22-05-21 11:33:46";cession;assure:DupontPierre;assure:DupontPierre;"cession de véhicule"
"22-05-21 11:38:32";cession;assure:DupontPierre;assure:DupontPierre;"cession de véhicule"
"22-05-21 11:42:58";cession;assure:DupontPierre;assure:DupontPierre;"cession de véhicule"
"22-05-21 11:44:24";cession;assure:DupontPierre;assure:DupontPierre;"cession de véhicule"
"22-05-21 11:44:49";cession;assure:DupontPierre;assure:DupontPierre;"cession de véhicule"
"22-05-21 11:45:30";connexion;gestionnaire:gestionnaire;gestionnaire:gestionnaire;connexion
"22-05-21 04:25:38";connexion;admin:admin;admin:admin;connexion
"22-05-21 04:50:14";connexion;assure:DupontPierre;assure:DupontPierre;connexion
"22-05-21 04:50:32";connexion;visiteur:visiteur;visiteur:visiteur;connexion
"22-05-21 05:02:52";connexion;assure:DupontPierre;assure:DupontPierre;connexion
"22-05-21 03:23:55";connexion;assure:DupontPierre;assure:DupontPierre;connexion
"22-05-21 03:41:28";connexion;assure:DupontPierre;assure:DupontPierre;connexion
"23-05-21 06:53:02";connexion;gestionnaire:gestionnaire;gestionnaire:gestionnaire;connexion
"23-05-21 08:01:44";connexion;assure:DupontPierre;assure:DupontPierre;connexion
"23-05-21 06:05:13";connexion;gestionnaire:gestionnaire;gestionnaire:gestionnaire;connexion
"24-05-21 02:55:43";connexion;police:police;police:police;connexion
"24-05-21 02:56:06";connexion;admin:admin;admin:admin;connexion
"24-05-21 02:56:30";connexion;assure:DupontPierre;assure:DupontPierre;connexion
"24-05-21 02:59:16";connexion;gestionnaire:gestionnaire;gestionnaire:gestionnaire;connexion
"24-05-21 03:01:41";connexion;gestionnaire:gestionnaire;gestionnaire:gestionnaire;connexion
"24-05-21 03:10:56";connexion;gestionnaire:gestionnaire;gestionnaire:gestionnaire;connexion
"24-05-21 04:50:49";connexion;gestionnaire:gestionnaire;gestionnaire:gestionnaire;connexion
"24-05-21 05:27:06";connexion;visiteur:visiteur;visiteur:visiteur;connexion
"24-05-21 05:33:26";connexion;gestionnaire:gestionnaire;gestionnaire:gestionnaire;connexion
"24-05-21 05:47:43";connexion;police:police;police:police;connexion
"24-05-21 05:49:56";connexion;visiteur:visiteur;visiteur:visiteur;connexion
"24-05-21 05:50:57";connexion;police:police;police:police;connexion
"24-05-21 05:51:10";connexion;assure:DupontPierre;assure:DupontPierre;connexion
"24-05-21 05:53:58";connexion;assure:DupontPierre;assure:DupontPierre;connexion
"24-05-21 07:34:15";connexion;gestionnaire:gestionnaire;gestionnaire:gestionnaire;connexion
"24-05-21 07:42:41";connexion;visiteur:visiteur;visiteur:visiteur;connexion
"24-05-21 07:42:50";connexion;visiteur:visiteur;visiteur:visiteur;connexion
"24-05-21 07:43:24";connexion;assure:DupontPierre;assure:DupontPierre;connexion
"24-05-21 07:43:55";connexion;gestionnaire:gestionnaire;gestionnaire:gestionnaire;connexion
"24-05-21 07:45:52";connexion;police:police;police:police;connexion
"24-05-21 07:47:47";connexion;police:police;police:police;connexion
"24-05-21 07:56:07";connexion;visiteur:visiteur;visiteur:visiteur;connexion
"24-05-21 07:56:15";connexion;gestionnaire:gestionnaire;gestionnaire:gestionnaire;connexion
"24-05-21 07:56:27";connexion;admin:admin;admin:admin;connexion
"24-05-21 07:56:44";connexion;assure:DupontPierre;assure:DupontPierre;connexion
"24-05-21 07:57:08";connexion;gestionnaire:gestionnaire;gestionnaire:gestionnaire;connexion
"24-05-21 08:03:06";connexion;assure:DupontPierre;assure:DupontPierre;connexion
"24-05-21 08:18:09";connexion;assure:DupontPierre;assure:DupontPierre;connexion
"24-05-21 08:32:05";connexion;assure:DupontPierre;assure:DupontPierre;connexion
"24-05-21 09:25:05";connexion;police:police;police:police;connexion
"24-05-21 09:26:32";connexion;assure:DupontPierre;assure:DupontPierre;connexion
"24-05-21 09:30:29";connexion;police:police;police:police;connexion
"24-05-21 09:35:48";connexion;visiteur:visiteur;visiteur:visiteur;connexion
"24-05-21 09:36:06";connexion;gestionnaire:gestionnaire;gestionnaire:gestionnaire;connexion
"24-05-21 09:40:16";connexion;admin:admin;admin:admin;connexion
"24-05-21 09:43:54";connexion;assure:DupontPierre;assure:DupontPierre;connexion
"24-05-21 09:53:30";connexion;admin:admin;admin:admin;connexion
"25-05-21 06:12:28";connexion;gestionnaire:gestionnaire;gestionnaire:gestionnaire;connexion
"25-05-21 06:23:35";connexion;admin:admin;admin:admin;connexion
"25-05-21 07:05:29";connexion;assure:DupontPierre;assure:DupontPierre;connexion
